{
  "my_position": {
    "0": [
      413.0,
      124.0
    ],
    "1": [
      469.0,
      57.0
    ],
    "2": [
      209.128919257475,
      403.1135050326477
    ],
    "3": [
      113.0,
      151.0
    ],
    "4": [
      597.0,
      138.0
    ],
    "5": [
      209.0,
      191.0
    ]
  },
  "your_position": {
    "0": [
      77.0,
      459.0
    ],
    "1": [
      148.0,
      632.0
    ],
    "2": [
      318.0,
      462.0
    ],
    "3": [
      534.0,
      558.0
    ],
    "4": [
      447.0,
      415.0
    ]
  }
}