{
  "my_position": {
    "0": [
      614.0,
      415.0
    ],
    "1": [
      375.71635411690863,
      102.41672251522981
    ],
    "2": [
      182.0,
      558.0
    ]
  },
  "your_position": {
    "0": [
      640.5906879306837,
      554.7072614115259
    ]
  }
}