{
  "my_position": {
    "0": [
      395.0,
      157.0
    ],
    "1": [
      511.0,
      100.0
    ],
    "2": [
      60.0,
      273.0
    ],
    "3": [
      617.0,
      92.0
    ],
    "4": [
      289.0,
      140.0
    ],
    "5": [
      442.0,
      279.0
    ],
    "6": [
      61.0,
      135.0
    ]
  },
  "your_position": {
    "0": [
      537.1052603155599,
      629.659649312296
    ],
    "1": [
      233.60304339679513,
      571.429881843273
    ],
    "2": [
      248.174577855417,
      652.5920364787717
    ],
    "3": [
      140.0,
      420.0
    ],
    "4": [
      397.0,
      590.0
    ],
    "5": [
      586.8947396844401,
      626.340350687704
    ],
    "6": [
      213.22237874778784,
      616.9780816779552
    ]
  }
}